	Sample 0	Sample 1	Sample 2	Sample 3	Sample 4	Sample 5	Sample 6	Sample 7	Sample 8	Sample 9	Sample 10	Sample 11	Sample 12	Sample 13	Sample 14	Sample 15	Sample 16	Sample 17	Sample 18	Sample 19	Sample 20	Sample 21	Sample 22	Sample 23	Sample 24	Sample 25	Sample 26	Sample 27	Sample 28	Sample 29
K0	0.5657072394722908	0.8230754288571465	0.5073443735939138	0.6592085733446098	0.12565887826133934	0.18899611545984438	0.6151020333483309	0.5008235260759031	0.33469123912234144	0.679702306125174	0.43282946344163314	0.13406728239716234	0.6634901498957169	0.7010383375107857	0.5189776616399977	0.7695422265284281	0.6856585751318364	0.7756960786824624	0.40829859332941815	0.4800287980451012	0.692129294174507	0.7264871486219352	0.47157122120654155	0.5218754029405412	0.9245388970674879	0.9877955275349217	0.9010805720039868	0.19067269107587573	0.8156550898447604	0.0
K1	0.37733691956469617	0.02231011007573413	0.48084589623549123	0.4863582743509761	0.9907203052763677	0.8440218535158914	0.4413468272469095	0.5953241879778236	0.6520477348158271	0.4750803196145996	0.37849382283398436	0.8388398301785968	0.5321336340249941	0.39919515531328736	0.519058224979761	0.2170505461007711	0.3900229964416819	0.15109286815783224	0.7263123862437887	0.6270277521473496	0.324423465586422	0.32188760888490975	0.6001405510378771	0.5221037911085689	0.0	0.0017027833131789884	0.04940304988266563	0.7853758989772107	0.2306945023928317	0.9667615128829107
