	Sample 0	Sample 1	Sample 2	Sample 3	Sample 4	Sample 5	Sample 6	Sample 7	Sample 8	Sample 9	Sample 10	Sample 11	Sample 12	Sample 13	Sample 14	Sample 15	Sample 16	Sample 17	Sample 18	Sample 19
K0	0.6210156773166835	0.869869281912518	1.0321663198334026	0.8238954429935085	0.22402147838416464	0.7324852742312528	1.0153588957076345	0.7681413801490128	0.5190588910004684	0.2644533241650629	0.6144703602056579	0.23853427314587458	0.7456547796109217	0.1961221071277625	0.17096740654644435	0.8311743183124727	0.9273134619438852	0.2601345088441999	0.6407325251948965	0.36725562173996523
K1	0.6404294595504533	0.09347828477660161	0.0	0.30066761249559276	0.697449531982227	0.6253342513841521	0.0	0.03662364249640605	0.3495781561891793	1.0267143574961939	0.48686249588814867	0.9497463206423461	0.39797738487133144	0.9581172631340333	0.68080352667849	0.4736846244641798	0.0	0.7052955008663108	0.3839763076431034	0.7064643194106255
