	Sample 0	Sample 1	Sample 2	Sample 3	Sample 4	Sample 5	Sample 6	Sample 7	Sample 8	Sample 9	Sample 10	Sample 11	Sample 12	Sample 13	Sample 14	Sample 15	Sample 16	Sample 17	Sample 18	Sample 19
K0	0.7159119373860073	0.004656039295210738	0.31113889793990024	0.6941542944180049	0.0	1.0572016903907997	0.9064985740264648	0.33569121517495704	0.7229001509870054	0.48195829741702345	0.8907612899965677	0.0	0.7483879527396686	0.2507514505516102	0.20676492767777066	0.5536476117623953	0.8139386506173076	0.45715153812722514	0.6631679472854313	0.1505500313919565
K1	0.815956797307833	0.21810455086477837	0.0	0.3007834909679997	0.9172351705498474	0.7186795939846884	0.0	0.039705747268988165	0.35265088802474837	1.3397956906688988	0.5520796161827677	1.3601301355873539	0.4742613824220002	1.3025566268170718	0.9297749938378161	0.6403161024011907	0.0	0.8829578177963657	0.47233465846234773	1.0114329601473333
K2	0.2238243826078009	1.445652231583211	1.3549691582344647	0.6016328326427185	0.5727018550056737	0.0	0.5101320199027777	0.8803696363337029	0.04536653317106517	0.0	0.0	0.519421470423569	0.36595480665076674	0.1430389072818338	0.1122332674197651	0.746570659032273	0.4831002732384829	0.0	0.2854404480908069	0.49361710969357603
