Component	K0	K1	K2
K0	0.9641812084330957	-0.5253134515247642	-0.3245550138252846
K1	-0.5253134515885202	0.9587401289505016	-0.3527517998106183
K2	-0.32455501385223345	-0.35275179985053723	0.9582981226382793
