Component	K0	K1	K2
K0	0.9741497473891808	-0.44475912110040716	-0.43011123835115866
K1	-0.4447591211021267	0.9716670143720859	-0.4412177592799713
K2	-0.4301112383166283	-0.4412177592099222	0.973219694051839
