	Sample 0	Sample 1	Sample 2	Sample 3	Sample 4	Sample 5	Sample 6	Sample 7	Sample 8	Sample 9	Sample 10	Sample 11	Sample 12	Sample 13	Sample 14	Sample 15	Sample 16	Sample 17	Sample 18	Sample 19
K0	0.4858834908459328	0.6866734895276743	0.4577389574670728	0.8286647397873952	0.8033792115074258	0.7730105586187681	0.5549569728076915	0.9670770221871318	0.7184624752439847	0.9010294915721515	0.5510766420977805	0.7029661892083915	0.32594864634336274	0.4857026850431218	0.2711172229073309	0.5215978821789139	0.13953713664616071	0.532966074412794	0.6748561237582246	0.22413531208768073
K1	0.5627004390983525	0.08591577111298082	0.4309799797642581	0.19307524752070906	0.13338435487951658	0.0	0.48016548314261287	0.20163821816609195	0.22174736738174528	0.10659287461996686	0.6142358223203406	0.06552754828831321	0.8417061456817405	0.6981151746415668	0.9741188235146399	0.3372187279988576	1.0241608746590407	0.5545920793249791	0.3137070206192166	0.901181215655684
