	Sample 0	Sample 1	Sample 2	Sample 3	Sample 4	Sample 5	Sample 6	Sample 7	Sample 8	Sample 9	Sample 10	Sample 11	Sample 12	Sample 13	Sample 14	Sample 15	Sample 16	Sample 17	Sample 18	Sample 19
K0	0.6756269482965851	0.2900278325448369	0.45864140148818316	0.8970128082751565	0.2825950405233494	0.5010288666965328	0.4536590627184339	0.4380394405203101	0.9873085826430312	0.5418254119629987	0.5515349466015024	0.8436138668209715	0.27521270873892073	0.793502224678622	0.5335827898816622	0.4194539703200541	0.0	0.3352153108325237	0.5998415554327918	0.5160288166080199
K1	0.6829869299563253	0.10867601517506008	0.5045332674088713	0.12073278064040328	0.21095917898470876	0.0	0.6314312593015784	0.2623195796005374	0.08394667715860392	0.11690162847140119	0.7212241525889603	0.0	1.1191329789056448	0.7908771993285109	1.223492082637121	0.4027953676585751	1.3714514813321876	0.6882290306513359	0.3127026520233977	1.0945789564668362
K2	0.09329037775730002	0.8785063154783979	0.3357987082518634	0.3630403313332475	1.0890058013707011	0.7004074817323265	0.49056163487392557	1.2102192439436648	0.08699811509401825	0.9193449157887732	0.4408397704761558	0.14440698022162127	0.41694507234968214	0.009772574868001581	0.01803940796427282	0.4724921067481589	0.5568725443495466	0.6787013687763299	0.5285320273983329	0.0
