	Sample 0	Sample 1	Sample 2	Sample 3	Sample 4	Sample 5	Sample 6	Sample 7	Sample 8	Sample 9	Sample 10	Sample 11	Sample 12	Sample 13	Sample 14	Sample 15	Sample 16	Sample 17	Sample 18	Sample 19
K0	0.882902923324705	0.1194737927983752	0.8728884971890117	0.21542982446586884	0.4979512075817317	0.3693554978352414	0.39293584786763747	0.5496437013350879	0.6173482356878635	0.0	0.8424492700914352	0.32782448674559206	0.8853483431558119	0.566952765822204	0.2577060647624738	1.145951445873343	0.0	0.7109342333841113	0.9113885106239104	0.5127351677093618
K1	0.9904861733478149	0.20845720798419115	0.3149113085842008	0.4658356792099693	0.9713892825196537	1.2024118278400953	0.10272437720112416	0.34634060215229334	1.041725342311624	0.7168736069517712	0.22529050926931662	1.373657609884044	0.2909834044442348	0.871849096689308	1.0267030541445081	0.0	1.8407921568576648	0.0	0.7858686582248735	1.3228600942529958
K2	0.12068866279031805	1.1662291328914467	0.30925669310129145	1.1903051240096254	0.3155158181608699	0.0	0.976263789860714	0.4229538684705792	0.10703730748567278	0.8977349982216803	0.4372677736246338	0.5408451174481743	0.13669790422695863	0.650345876523144	0.6930998604572095	0.5605887868125954	0.5664516291101773	0.8761514604396065	0.0	0.12987483501700622
