	Sample 0	Sample 1	Sample 2	Sample 3	Sample 4	Sample 5	Sample 6	Sample 7	Sample 8	Sample 9	Sample 10	Sample 11	Sample 12	Sample 13	Sample 14	Sample 15	Sample 16	Sample 17	Sample 18	Sample 19
K0	0.8960119470398076	0.34542841027190235	0.9048369177515664	0.45266778171631633	0.5696975815467071	0.38620625265737335	0.5877400354257026	0.626518013998945	0.6364527237404717	0.1928778415646985	0.8965079084234825	0.44594394681432903	0.8912568036567154	0.6712169887085028	0.41206453553702627	1.229160110232477	0.08490858576952087	0.873887020995704	0.8987410858828654	0.5483151303965087
K1	0.41179760372093765	0.6501229688320087	0.13639783895028676	0.7773753080227159	0.5694123160820831	0.5640698686250836	0.4186673580124869	0.2647710414851026	0.4945286987376293	0.8230911832923651	0.15794148314095507	0.9529902145782935	0.026381938922404393	0.6949745097723196	0.834481849739323	0.0	1.3486328189299714	0.2362139112078994	0.22577592748968053	0.6815771880584366
