Factor	Column0	Column1	Column2	Column3	Column4	Column5	Column6	Column7	Column8	Column9	Column10	Column11	Column12	Column13	Column14	Column15	Column16	Column17	Column18	Column19	Column20	Column21	Column22	Column23	Column24	Column25	Column26	Column27	Column28	Column29	Column30	Column31	Column32	Column33	Column34	Column35	Column36	Column37	Column38	Column39	Column40	Column41	Column42	Column43	Column44	Column45	Column46	Column47	Column48	Column49
Factor0	0.19503290039545285	0.44111515973194904	0.8905526193408592	0.6568923154609547	0.8351306288517848	0.6817506039664522	0.9263453979578745	0.48885261447137585	0.6352249012574641	0.4951022593329676	1.4192788955953124	0.41863562049978364	1.4708385243643394	0.30416309155704435	1.1130495957389754	0.4093663077723172	0.8693310407326108	0.4566062790471712	0.7958801912326781	0.11974483705998429	0.6784670627544718	0.4571401700805505	1.1883025377953123	0.5692140794309715	0.8832556860334618	0.49419500518212817	0.746469556226783	0.2289415761948684	0.9527228585206351	0.38760115227478814	0.5681441678334667	0.5494028888812168	0.9342912326806154	0.3810384654737218	1.3562916763745	0.32415921510753226	0.12812224391799293	0.4472641275836734	0.38885732695470326	0.2911883240375488	1.2327742928697363	0.48720158285494963	0.7408653927533987	0.6380800833889749	1.1769341277385514	0.4986871108906136	0.7896759978597062	0.2923654690480112	0.17257305128782563	0.6635694444732333
Factor1	1.2708631914811825	0.548417219624832	0.5911041670782292	0.08664517197450289	0.6057047027765264	0.05214014453256818	0.985638951308536	0.25387953737745506	0.8774185330286616	0.3121710161089642	0.41096977225213227	0.16361413190010277	0.21445890609400942	0.29630539521082533	0.5168580754008246	0.4428950612615504	0.6049003584998448	0.22389154764007238	0.5829161673888198	0.47200543202488104	0.793816249714797	0.3863208199185009	0.47742289894674034	0.23107498993936051	0.4050248254255873	0.4490873025716934	0.8560024795148309	0.5766149054338007	0.999630762186375	0.4433864514515462	0.9112939482401315	0.4717363381524234	0.6568858755532463	0.53019754863464	0.014267183324066185	0.2721756303294497	1.2726517834285505	0.5134461386221821	1.1266080553020124	0.43510079069473356	0.007965022534307925	0.26022515533663765	0.6813270056326967	0.2579554188858067	0.03613549870791516	0.4358136911966323	0.5096518736021461	0.33750973913779075	1.2220283358637642	0.1090388592652415
