Component	K0	K1	K2
K0	0.9663463085252221	-0.3853327635096979	-0.5103005440625795
K1	-0.3853327634806728	0.9614786867658311	-0.3824083373086817
K2	-0.5103005440617259	-0.3824083373325483	0.965803239331555
