	Sample 0	Sample 1	Sample 2	Sample 3	Sample 4	Sample 5	Sample 6	Sample 7	Sample 8	Sample 9	Sample 10	Sample 11	Sample 12	Sample 13	Sample 14	Sample 15	Sample 16	Sample 17	Sample 18	Sample 19
K0	0.42045237074290126	0.627215214682095	0.98854508646827	0.42257334522957646	0.4950723592887996	0.9295586187727103	0.4933330680930264	0.6231308095019663	0.7418679313394407	0.0	0.34411554842514275	0.3373831979965061	0.0	0.19490203682965457	0.34897277528081655	0.004921610795485	0.3180232746314278	1.0820906271087682	0.7798461325530341	0.10519467714874592
K1	0.8288891113085782	0.24467812476525008	0.26662216166720404	0.8289443577901067	1.0215567754726649	0.0	0.0	0.30396124949772896	0.4137725523142268	1.5431271876238577	0.4310399845944014	0.0	0.9514392636765451	1.3276708004501292	0.8861743287484941	1.3791598722415395	0.8659209323746753	0.11735853037714222	0.13226520569669115	0.33078186425838574
K2	0.2102880840159228	0.8110766076315593	0.19717458712779515	0.4116193062722008	0.008457731295103474	0.36183213072559717	1.113872750283994	0.4461591158585644	0.09710747399053253	0.43082039776107806	0.7043433195987315	1.0148349730263624	0.7481687683722008	0.0	0.0	0.3787987540510063	0.6075713513154373	0.0	0.752805252143763	1.0659175439516375
