	Sample 0	Sample 1	Sample 2	Sample 3	Sample 4	Sample 5	Sample 6	Sample 7	Sample 8	Sample 9	Sample 10	Sample 11	Sample 12	Sample 13	Sample 14	Sample 15	Sample 16	Sample 17	Sample 18	Sample 19
K0	0.48245992663053977	0.7622920822509539	0.9387008656748532	0.526384138895912	0.5160144985957621	0.9090772283096333	0.7103550074189029	0.6722455051857344	0.7027568690789778	0.21259836332445645	0.4939049314799172	0.5457787847144966	0.21972409622045105	0.260246115241834	0.3731094674560352	0.190182064116956	0.4869781212800312	0.9592213449554023	0.8709175162188196	0.3761417195802537
K1	0.5548777728842228	0.446255596193221	0.1744578016895522	0.645919220205252	0.5784956154877704	0.08423598226653552	0.4200907168157504	0.3338148681854226	0.24374845266835007	1.1077233254896437	0.5408514523541602	0.39404072286929664	0.9135248017342791	0.7921048013000677	0.4999504008697998	0.9906413398929554	0.753551067661082	0.0	0.34899026678283485	0.6316937471575953
